{
    "ddpm": 0.5649208968188351,
    "ddim": 0.6028493677111637,
    "vae": 0.8953018589029931
}