{
    "ddpm": 5.458184808310836,
    "ddim": 0.6028493677111637,
    "vae": 0.8953018589029931
}